title,geolocation,domain,network
Courier,US,couriernewsroom.com,Courier
Copper Courier,Arizona,coppercourier.com,Courier
The Dogwood,Virginia,vadogwood.com,Courier
The Keystone,Pennsylvania,keystonenewsroom.com,Courier
Up North News,Wisconsin,upnorthnewswi.com,Courier
Cardinal & Pine,North Carolina,cardinalpine.com,Courier
Iowa Starting Line,Iowa,iowastartingline.com,Courier
The Gander,Michigan,gandernewsroom.com,Courier
Floricua,Florida,theamericanonews.com,Courier
The Nevadan,Nevada,thenevadannews.com,Courier
Granit Post,New Hampshire,granitepostnews.com,Courier
Courier Texas,Texas,couriertexas.com,Courier
